Workbook
Name TamGunTatiller: Tatiller!$G$2:$G$300
Name YarimGunTatiller: Tatiller!$H$2:$H$300
Name KapsamBas: Tatiller!$L$2
Name KapsamBit: Tatiller!$L$3
Name KapsamMetni: Tatiller!$L$4

Sheet Hesapla
A1: İş günü hesaplayıcı (Türkiye)
A2: Sarı hücrelere yazın. Kalın yazılı hücreler sonuçtur. Ayrıntılar için Hakkında sayfasına bakın.
E3: Yardımcı hücreler (değiştirmeyin)
A4: Hafta sonu | B4: Cumartesi ve Pazar tatil | C4: Cumartesi günü çalışılıyorsa Yalnız Pazar tatil seçeneğini seçin. | E4: Hafta sonu kodu | F4: =IF(B4="Yalnız Pazar tatil",11,1)
A5: Tatil listesinin kapsamı | B5: =KapsamMetni | C5: Yarım gün tatiller (bayram arifeleri, 28 Ekim) iş günü sayılır ve ayrıca gösterilir.
A7: 1. Başlangıç tarihine iş günü ekleme
A8: Başlangıç tarihi | B8: 46167 | E8: Ham sonuç | F8: =IF(AND(ISNUMBER(B8),ISNUMBER(B9)),IFERROR(WORKDAY.INTL(B8,B9,F4,TamGunTatiller),""),"")
A9: Eklenecek iş günü sayısı | B9: 3 | C9: Geriye gitmek için eksi işaretli sayı yazın, örneğin -3. Başlangıç günü sayılmaz.
A10: Uyarı | B10: =IF(OR(B8="",B9=""),"Başlangıç tarihini ve eklenecek iş günü sayısını girin.",IF(OR(NOT(ISNUMBER(B8)),NOT(ISNUMBER(B9))),"Başlangıç geçerli bir tarih, iş günü sayısı bir sayı olmalı.",IF(B9<>INT(B9),"İş günü sayısı tam sayı olmalı.",IF(OR(B8<KapsamBas,B8>KapsamBit),"Başlangıç tarihi kapsam dışında ("&KapsamMetni&"). Sonuç gösterilmiyor.",IF(OR(F8="",F8<KapsamBas,F8>KapsamBit),"Sonuç kapsam dışına çıkıyor ("&KapsamMetni&"). Sonuç gösterilmiyor.","Uyarı yok.")))))
A11: Sonuç tarihi | B11: =IF($B$10="Uyarı yok.",F8,"")
A12: Sonuç günü | B12: =IF($B$10="Uyarı yok.",CHOOSE(WEEKDAY(F8,2),"Pazartesi","Salı","Çarşamba","Perşembe","Cuma","Cumartesi","Pazar"),"")
A13: Aradaki yarım gün tatil sayısı (iş günü sayıldı) | B13: =IF($B$10="Uyarı yok.",COUNTIFS(YarimGunTatiller,">="&MIN(B8,F8),YarimGunTatiller,"<="&MAX(B8,F8)),"")
A15: 2. İki tarih arasındaki iş günü
A16: İlk tarih | B16: 46143
A17: Son tarih | B17: 46173 | C17: İki tarih de sayıma dahildir.
A18: Uyarı | B18: =IF(OR(B16="",B17=""),"İlk ve son tarihi girin.",IF(OR(NOT(ISNUMBER(B16)),NOT(ISNUMBER(B17))),"İlk ve son tarih geçerli birer tarih olmalı.",IF(OR(B16<KapsamBas,B16>KapsamBit,B17<KapsamBas,B17>KapsamBit),"Tarih kapsam dışında ("&KapsamMetni&"). Sonuç gösterilmiyor.",IF(B17<B16,"Son tarih ilk tarihten önce olamaz. Sonuç gösterilmiyor.","Uyarı yok."))))
A19: İş günü sayısı | B19: =IF($B$18="Uyarı yok.",NETWORKDAYS.INTL(B16,B17,F4,TamGunTatiller),"")
A20: Takvim günü sayısı | B20: =IF($B$18="Uyarı yok.",B17-B16+1,"")
A21: Tam gün resmî tatil sayısı | B21: =IF($B$18="Uyarı yok.",COUNTIFS(TamGunTatiller,">="&B16,TamGunTatiller,"<="&B17),"")
A22: Bunlardan iş günü sayısını düşüren | B22: =IF($B$18="Uyarı yok.",NETWORKDAYS.INTL(B16,B17,F4)-NETWORKDAYS.INTL(B16,B17,F4,TamGunTatiller),"") | C22: Hafta sonuna denk gelen tatiller zaten iş günü olmadığı için düşürmez.
A23: Yarım gün tatil sayısı (iş günü sayıldı) | B23: =IF($B$18="Uyarı yok.",COUNTIFS(YarimGunTatiller,">="&B16,YarimGunTatiller,"<="&B17),"")
A25: Aralıktaki resmî tatiller (ikinci bloktaki tarihler)
A26: Tatil | B26: Tarih | C26: Gün ve süre | F26: Sıra | G26: Tatiller sayfasındaki satır
A27: =IF(G27="","",INDEX(Tatiller!$C$2:$C$300,G27)) | B27: =IF(G27="","",INDEX(Tatiller!$A$2:$A$300,G27)) | C27: =IF(G27="","",INDEX(Tatiller!$B$2:$B$300,G27)&", "&IF(INDEX(Tatiller!$D$2:$D$300,G27)="Yarım gün","yarım gün, iş günü sayılır","tam gün")) | F27: 1 | G27: =IFERROR(MATCH(F27,Tatiller!$I$2:$I$300,0),"")
A28: =IF(G28="","",INDEX(Tatiller!$C$2:$C$300,G28)) | B28: =IF(G28="","",INDEX(Tatiller!$A$2:$A$300,G28)) | C28: =IF(G28="","",INDEX(Tatiller!$B$2:$B$300,G28)&", "&IF(INDEX(Tatiller!$D$2:$D$300,G28)="Yarım gün","yarım gün, iş günü sayılır","tam gün")) | F28: 2 | G28: =IFERROR(MATCH(F28,Tatiller!$I$2:$I$300,0),"")
A29: =IF(G29="","",INDEX(Tatiller!$C$2:$C$300,G29)) | B29: =IF(G29="","",INDEX(Tatiller!$A$2:$A$300,G29)) | C29: =IF(G29="","",INDEX(Tatiller!$B$2:$B$300,G29)&", "&IF(INDEX(Tatiller!$D$2:$D$300,G29)="Yarım gün","yarım gün, iş günü sayılır","tam gün")) | F29: 3 | G29: =IFERROR(MATCH(F29,Tatiller!$I$2:$I$300,0),"")
A30: =IF(G30="","",INDEX(Tatiller!$C$2:$C$300,G30)) | B30: =IF(G30="","",INDEX(Tatiller!$A$2:$A$300,G30)) | C30: =IF(G30="","",INDEX(Tatiller!$B$2:$B$300,G30)&", "&IF(INDEX(Tatiller!$D$2:$D$300,G30)="Yarım gün","yarım gün, iş günü sayılır","tam gün")) | F30: 4 | G30: =IFERROR(MATCH(F30,Tatiller!$I$2:$I$300,0),"")
A31: =IF(G31="","",INDEX(Tatiller!$C$2:$C$300,G31)) | B31: =IF(G31="","",INDEX(Tatiller!$A$2:$A$300,G31)) | C31: =IF(G31="","",INDEX(Tatiller!$B$2:$B$300,G31)&", "&IF(INDEX(Tatiller!$D$2:$D$300,G31)="Yarım gün","yarım gün, iş günü sayılır","tam gün")) | F31: 5 | G31: =IFERROR(MATCH(F31,Tatiller!$I$2:$I$300,0),"")
A32: =IF(G32="","",INDEX(Tatiller!$C$2:$C$300,G32)) | B32: =IF(G32="","",INDEX(Tatiller!$A$2:$A$300,G32)) | C32: =IF(G32="","",INDEX(Tatiller!$B$2:$B$300,G32)&", "&IF(INDEX(Tatiller!$D$2:$D$300,G32)="Yarım gün","yarım gün, iş günü sayılır","tam gün")) | F32: 6 | G32: =IFERROR(MATCH(F32,Tatiller!$I$2:$I$300,0),"")
A33: =IF(G33="","",INDEX(Tatiller!$C$2:$C$300,G33)) | B33: =IF(G33="","",INDEX(Tatiller!$A$2:$A$300,G33)) | C33: =IF(G33="","",INDEX(Tatiller!$B$2:$B$300,G33)&", "&IF(INDEX(Tatiller!$D$2:$D$300,G33)="Yarım gün","yarım gün, iş günü sayılır","tam gün")) | F33: 7 | G33: =IFERROR(MATCH(F33,Tatiller!$I$2:$I$300,0),"")
A34: =IF(G34="","",INDEX(Tatiller!$C$2:$C$300,G34)) | B34: =IF(G34="","",INDEX(Tatiller!$A$2:$A$300,G34)) | C34: =IF(G34="","",INDEX(Tatiller!$B$2:$B$300,G34)&", "&IF(INDEX(Tatiller!$D$2:$D$300,G34)="Yarım gün","yarım gün, iş günü sayılır","tam gün")) | F34: 8 | G34: =IFERROR(MATCH(F34,Tatiller!$I$2:$I$300,0),"")
A35: =IF(G35="","",INDEX(Tatiller!$C$2:$C$300,G35)) | B35: =IF(G35="","",INDEX(Tatiller!$A$2:$A$300,G35)) | C35: =IF(G35="","",INDEX(Tatiller!$B$2:$B$300,G35)&", "&IF(INDEX(Tatiller!$D$2:$D$300,G35)="Yarım gün","yarım gün, iş günü sayılır","tam gün")) | F35: 9 | G35: =IFERROR(MATCH(F35,Tatiller!$I$2:$I$300,0),"")
A36: =IF(G36="","",INDEX(Tatiller!$C$2:$C$300,G36)) | B36: =IF(G36="","",INDEX(Tatiller!$A$2:$A$300,G36)) | C36: =IF(G36="","",INDEX(Tatiller!$B$2:$B$300,G36)&", "&IF(INDEX(Tatiller!$D$2:$D$300,G36)="Yarım gün","yarım gün, iş günü sayılır","tam gün")) | F36: 10 | G36: =IFERROR(MATCH(F36,Tatiller!$I$2:$I$300,0),"")
A37: =IF(G37="","",INDEX(Tatiller!$C$2:$C$300,G37)) | B37: =IF(G37="","",INDEX(Tatiller!$A$2:$A$300,G37)) | C37: =IF(G37="","",INDEX(Tatiller!$B$2:$B$300,G37)&", "&IF(INDEX(Tatiller!$D$2:$D$300,G37)="Yarım gün","yarım gün, iş günü sayılır","tam gün")) | F37: 11 | G37: =IFERROR(MATCH(F37,Tatiller!$I$2:$I$300,0),"")
A38: =IF(G38="","",INDEX(Tatiller!$C$2:$C$300,G38)) | B38: =IF(G38="","",INDEX(Tatiller!$A$2:$A$300,G38)) | C38: =IF(G38="","",INDEX(Tatiller!$B$2:$B$300,G38)&", "&IF(INDEX(Tatiller!$D$2:$D$300,G38)="Yarım gün","yarım gün, iş günü sayılır","tam gün")) | F38: 12 | G38: =IFERROR(MATCH(F38,Tatiller!$I$2:$I$300,0),"")
A39: =IF(MAX(Tatiller!$I$2:$I$300)>12,"Aralıkta "&MAX(Tatiller!$I$2:$I$300)&" tatil kaydı var. Tamamı için Tatiller sayfasına bakın.","")

Sheet Tatiller
A1: Tarih | B1: Gün | C1: Tatil adı | D1: Süre | E1: Kaynak | G1: Tam gün tarihleri (formüller kullanır) | H1: Yarım gün tarihleri (formüller kullanır) | I1: Aralıktaki sıra (Hesapla sayfası kullanır) | K1: Kapsam ve yeni yıl ekleme
A2: 46023 | B2: =IF(A2="","",CHOOSE(WEEKDAY(A2,2),"Pazartesi","Salı","Çarşamba","Perşembe","Cuma","Cumartesi","Pazar")) | C2: Yılbaşı | D2: Tam gün | E2: https://vakithesaplama.diyanet.gov.tr/icerik.php?icerik=158 | G2: =IF(AND(D2="Tam gün",COUNTIFS($A$2:A2,A2,$D$2:D2,"Tam gün")=1),A2,0) | H2: =IF(AND(D2="Yarım gün",COUNTIFS($A$2:A2,A2,$D$2:D2,"Yarım gün")=1),A2,0) | I2: =IF(AND(ISNUMBER(A2),Hesapla!$B$18="Uyarı yok.",A2>=Hesapla!$B$16,A2<=Hesapla!$B$17),MAX(I$1:I1)+1,"") | K2: Kapsamın ilk günü | L2: 46023
A3: 46100 | B3: =IF(A3="","",CHOOSE(WEEKDAY(A3,2),"Pazartesi","Salı","Çarşamba","Perşembe","Cuma","Cumartesi","Pazar")) | C3: Ramazan Bayramı arifesi | D3: Yarım gün | E3: https://vakithesaplama.diyanet.gov.tr/icerik.php?icerik=158 | G3: =IF(AND(D3="Tam gün",COUNTIFS($A$2:A3,A3,$D$2:D3,"Tam gün")=1),A3,0) | H3: =IF(AND(D3="Yarım gün",COUNTIFS($A$2:A3,A3,$D$2:D3,"Yarım gün")=1),A3,0) | I3: =IF(AND(ISNUMBER(A3),Hesapla!$B$18="Uyarı yok.",A3>=Hesapla!$B$16,A3<=Hesapla!$B$17),MAX(I$1:I2)+1,"") | K3: Kapsamın son günü | L3: 47118
A4: 46101 | B4: =IF(A4="","",CHOOSE(WEEKDAY(A4,2),"Pazartesi","Salı","Çarşamba","Perşembe","Cuma","Cumartesi","Pazar")) | C4: Ramazan Bayramı 1. gün | D4: Tam gün | E4: https://vakithesaplama.diyanet.gov.tr/icerik.php?icerik=158 | G4: =IF(AND(D4="Tam gün",COUNTIFS($A$2:A4,A4,$D$2:D4,"Tam gün")=1),A4,0) | H4: =IF(AND(D4="Yarım gün",COUNTIFS($A$2:A4,A4,$D$2:D4,"Yarım gün")=1),A4,0) | I4: =IF(AND(ISNUMBER(A4),Hesapla!$B$18="Uyarı yok.",A4>=Hesapla!$B$16,A4<=Hesapla!$B$17),MAX(I$1:I3)+1,"") | K4: Kapsam metni (otomatik) | L4: =RIGHT("0"&DAY(L2),2)&"."&RIGHT("0"&MONTH(L2),2)&"."&YEAR(L2)&" ile "&RIGHT("0"&DAY(L3),2)&"."&RIGHT("0"&MONTH(L3),2)&"."&YEAR(L3)
A5: 46102 | B5: =IF(A5="","",CHOOSE(WEEKDAY(A5,2),"Pazartesi","Salı","Çarşamba","Perşembe","Cuma","Cumartesi","Pazar")) | C5: Ramazan Bayramı 2. gün | D5: Tam gün | E5: https://vakithesaplama.diyanet.gov.tr/icerik.php?icerik=158 | G5: =IF(AND(D5="Tam gün",COUNTIFS($A$2:A5,A5,$D$2:D5,"Tam gün")=1),A5,0) | H5: =IF(AND(D5="Yarım gün",COUNTIFS($A$2:A5,A5,$D$2:D5,"Yarım gün")=1),A5,0) | I5: =IF(AND(ISNUMBER(A5),Hesapla!$B$18="Uyarı yok.",A5>=Hesapla!$B$16,A5<=Hesapla!$B$17),MAX(I$1:I4)+1,"")
A6: 46103 | B6: =IF(A6="","",CHOOSE(WEEKDAY(A6,2),"Pazartesi","Salı","Çarşamba","Perşembe","Cuma","Cumartesi","Pazar")) | C6: Ramazan Bayramı 3. gün | D6: Tam gün | E6: https://vakithesaplama.diyanet.gov.tr/icerik.php?icerik=158 | G6: =IF(AND(D6="Tam gün",COUNTIFS($A$2:A6,A6,$D$2:D6,"Tam gün")=1),A6,0) | H6: =IF(AND(D6="Yarım gün",COUNTIFS($A$2:A6,A6,$D$2:D6,"Yarım gün")=1),A6,0) | I6: =IF(AND(ISNUMBER(A6),Hesapla!$B$18="Uyarı yok.",A6>=Hesapla!$B$16,A6<=Hesapla!$B$17),MAX(I$1:I5)+1,"") | K6: Yeni yılın tatilleri Diyanet tarafından yayımlandığında şunları yapın:
A7: 46135 | B7: =IF(A7="","",CHOOSE(WEEKDAY(A7,2),"Pazartesi","Salı","Çarşamba","Perşembe","Cuma","Cumartesi","Pazar")) | C7: Ulusal Egemenlik ve Çocuk Bayramı | D7: Tam gün | E7: https://vakithesaplama.diyanet.gov.tr/icerik.php?icerik=158 | G7: =IF(AND(D7="Tam gün",COUNTIFS($A$2:A7,A7,$D$2:D7,"Tam gün")=1),A7,0) | H7: =IF(AND(D7="Yarım gün",COUNTIFS($A$2:A7,A7,$D$2:D7,"Yarım gün")=1),A7,0) | I7: =IF(AND(ISNUMBER(A7),Hesapla!$B$18="Uyarı yok.",A7>=Hesapla!$B$16,A7<=Hesapla!$B$17),MAX(I$1:I6)+1,"") | K7: 1. A, C, D ve E sütunlarında son dolu satırın altına her tatil için bir satır ekleyin. Tarihi A sütununa, adı C sütununa yazın, D sütunundan süreyi seçin.
A8: 46143 | B8: =IF(A8="","",CHOOSE(WEEKDAY(A8,2),"Pazartesi","Salı","Çarşamba","Perşembe","Cuma","Cumartesi","Pazar")) | C8: Emek ve Dayanışma Günü | D8: Tam gün | E8: https://vakithesaplama.diyanet.gov.tr/icerik.php?icerik=158 | G8: =IF(AND(D8="Tam gün",COUNTIFS($A$2:A8,A8,$D$2:D8,"Tam gün")=1),A8,0) | H8: =IF(AND(D8="Yarım gün",COUNTIFS($A$2:A8,A8,$D$2:D8,"Yarım gün")=1),A8,0) | I8: =IF(AND(ISNUMBER(A8),Hesapla!$B$18="Uyarı yok.",A8>=Hesapla!$B$16,A8<=Hesapla!$B$17),MAX(I$1:I7)+1,"") | K8: 2. Bayram arifeleri ve 28 Ekim öğleden sonrası gibi yarım gün tatillerde süre olarak Yarım gün seçin.
A9: 46161 | B9: =IF(A9="","",CHOOSE(WEEKDAY(A9,2),"Pazartesi","Salı","Çarşamba","Perşembe","Cuma","Cumartesi","Pazar")) | C9: Atatürk'ü Anma, Gençlik ve Spor Bayramı | D9: Tam gün | E9: https://vakithesaplama.diyanet.gov.tr/icerik.php?icerik=158 | G9: =IF(AND(D9="Tam gün",COUNTIFS($A$2:A9,A9,$D$2:D9,"Tam gün")=1),A9,0) | H9: =IF(AND(D9="Yarım gün",COUNTIFS($A$2:A9,A9,$D$2:D9,"Yarım gün")=1),A9,0) | I9: =IF(AND(ISNUMBER(A9),Hesapla!$B$18="Uyarı yok.",A9>=Hesapla!$B$16,A9<=Hesapla!$B$17),MAX(I$1:I8)+1,"") | K9: 3. Aynı güne iki tatil denk gelirse iki satır da yazılabilir. Gün yalnız bir kez sayılır.
A10: 46168 | B10: =IF(A10="","",CHOOSE(WEEKDAY(A10,2),"Pazartesi","Salı","Çarşamba","Perşembe","Cuma","Cumartesi","Pazar")) | C10: Kurban Bayramı arifesi | D10: Yarım gün | E10: https://vakithesaplama.diyanet.gov.tr/icerik.php?icerik=158 | G10: =IF(AND(D10="Tam gün",COUNTIFS($A$2:A10,A10,$D$2:D10,"Tam gün")=1),A10,0) | H10: =IF(AND(D10="Yarım gün",COUNTIFS($A$2:A10,A10,$D$2:D10,"Yarım gün")=1),A10,0) | I10: =IF(AND(ISNUMBER(A10),Hesapla!$B$18="Uyarı yok.",A10>=Hesapla!$B$16,A10<=Hesapla!$B$17),MAX(I$1:I9)+1,"") | K10: 4. L3 hücresindeki kapsamın son gününü yeni yılın 31 Aralık tarihine ilerletin.
A11: 46169 | B11: =IF(A11="","",CHOOSE(WEEKDAY(A11,2),"Pazartesi","Salı","Çarşamba","Perşembe","Cuma","Cumartesi","Pazar")) | C11: Kurban Bayramı 1. gün | D11: Tam gün | E11: https://vakithesaplama.diyanet.gov.tr/icerik.php?icerik=158 | G11: =IF(AND(D11="Tam gün",COUNTIFS($A$2:A11,A11,$D$2:D11,"Tam gün")=1),A11,0) | H11: =IF(AND(D11="Yarım gün",COUNTIFS($A$2:A11,A11,$D$2:D11,"Yarım gün")=1),A11,0) | I11: =IF(AND(ISNUMBER(A11),Hesapla!$B$18="Uyarı yok.",A11>=Hesapla!$B$16,A11<=Hesapla!$B$17),MAX(I$1:I10)+1,"") | K11: G, H ve I sütunlarındaki formüllere dokunmayın. Satırlar 300. satıra kadar okunur.
A12: 46170 | B12: =IF(A12="","",CHOOSE(WEEKDAY(A12,2),"Pazartesi","Salı","Çarşamba","Perşembe","Cuma","Cumartesi","Pazar")) | C12: Kurban Bayramı 2. gün | D12: Tam gün | E12: https://vakithesaplama.diyanet.gov.tr/icerik.php?icerik=158 | G12: =IF(AND(D12="Tam gün",COUNTIFS($A$2:A12,A12,$D$2:D12,"Tam gün")=1),A12,0) | H12: =IF(AND(D12="Yarım gün",COUNTIFS($A$2:A12,A12,$D$2:D12,"Yarım gün")=1),A12,0) | I12: =IF(AND(ISNUMBER(A12),Hesapla!$B$18="Uyarı yok.",A12>=Hesapla!$B$16,A12<=Hesapla!$B$17),MAX(I$1:I11)+1,"") | K12: Kapsamın dışındaki tarihlerde Hesapla sayfası sonuç göstermez ve uyarı verir.
A13: 46171 | B13: =IF(A13="","",CHOOSE(WEEKDAY(A13,2),"Pazartesi","Salı","Çarşamba","Perşembe","Cuma","Cumartesi","Pazar")) | C13: Kurban Bayramı 3. gün | D13: Tam gün | E13: https://vakithesaplama.diyanet.gov.tr/icerik.php?icerik=158 | G13: =IF(AND(D13="Tam gün",COUNTIFS($A$2:A13,A13,$D$2:D13,"Tam gün")=1),A13,0) | H13: =IF(AND(D13="Yarım gün",COUNTIFS($A$2:A13,A13,$D$2:D13,"Yarım gün")=1),A13,0) | I13: =IF(AND(ISNUMBER(A13),Hesapla!$B$18="Uyarı yok.",A13>=Hesapla!$B$16,A13<=Hesapla!$B$17),MAX(I$1:I12)+1,"")
A14: 46172 | B14: =IF(A14="","",CHOOSE(WEEKDAY(A14,2),"Pazartesi","Salı","Çarşamba","Perşembe","Cuma","Cumartesi","Pazar")) | C14: Kurban Bayramı 4. gün | D14: Tam gün | E14: https://vakithesaplama.diyanet.gov.tr/icerik.php?icerik=158 | G14: =IF(AND(D14="Tam gün",COUNTIFS($A$2:A14,A14,$D$2:D14,"Tam gün")=1),A14,0) | H14: =IF(AND(D14="Yarım gün",COUNTIFS($A$2:A14,A14,$D$2:D14,"Yarım gün")=1),A14,0) | I14: =IF(AND(ISNUMBER(A14),Hesapla!$B$18="Uyarı yok.",A14>=Hesapla!$B$16,A14<=Hesapla!$B$17),MAX(I$1:I13)+1,"")
A15: 46218 | B15: =IF(A15="","",CHOOSE(WEEKDAY(A15,2),"Pazartesi","Salı","Çarşamba","Perşembe","Cuma","Cumartesi","Pazar")) | C15: Demokrasi ve Millî Birlik Günü | D15: Tam gün | E15: https://vakithesaplama.diyanet.gov.tr/icerik.php?icerik=158 | G15: =IF(AND(D15="Tam gün",COUNTIFS($A$2:A15,A15,$D$2:D15,"Tam gün")=1),A15,0) | H15: =IF(AND(D15="Yarım gün",COUNTIFS($A$2:A15,A15,$D$2:D15,"Yarım gün")=1),A15,0) | I15: =IF(AND(ISNUMBER(A15),Hesapla!$B$18="Uyarı yok.",A15>=Hesapla!$B$16,A15<=Hesapla!$B$17),MAX(I$1:I14)+1,"")
A16: 46264 | B16: =IF(A16="","",CHOOSE(WEEKDAY(A16,2),"Pazartesi","Salı","Çarşamba","Perşembe","Cuma","Cumartesi","Pazar")) | C16: Zafer Bayramı | D16: Tam gün | E16: https://vakithesaplama.diyanet.gov.tr/icerik.php?icerik=158 | G16: =IF(AND(D16="Tam gün",COUNTIFS($A$2:A16,A16,$D$2:D16,"Tam gün")=1),A16,0) | H16: =IF(AND(D16="Yarım gün",COUNTIFS($A$2:A16,A16,$D$2:D16,"Yarım gün")=1),A16,0) | I16: =IF(AND(ISNUMBER(A16),Hesapla!$B$18="Uyarı yok.",A16>=Hesapla!$B$16,A16<=Hesapla!$B$17),MAX(I$1:I15)+1,"")
A17: 46323 | B17: =IF(A17="","",CHOOSE(WEEKDAY(A17,2),"Pazartesi","Salı","Çarşamba","Perşembe","Cuma","Cumartesi","Pazar")) | C17: Cumhuriyet Bayramı arifesi | D17: Yarım gün | E17: https://vakithesaplama.diyanet.gov.tr/icerik.php?icerik=158 | G17: =IF(AND(D17="Tam gün",COUNTIFS($A$2:A17,A17,$D$2:D17,"Tam gün")=1),A17,0) | H17: =IF(AND(D17="Yarım gün",COUNTIFS($A$2:A17,A17,$D$2:D17,"Yarım gün")=1),A17,0) | I17: =IF(AND(ISNUMBER(A17),Hesapla!$B$18="Uyarı yok.",A17>=Hesapla!$B$16,A17<=Hesapla!$B$17),MAX(I$1:I16)+1,"")
A18: 46324 | B18: =IF(A18="","",CHOOSE(WEEKDAY(A18,2),"Pazartesi","Salı","Çarşamba","Perşembe","Cuma","Cumartesi","Pazar")) | C18: Cumhuriyet Bayramı | D18: Tam gün | E18: https://vakithesaplama.diyanet.gov.tr/icerik.php?icerik=158 | G18: =IF(AND(D18="Tam gün",COUNTIFS($A$2:A18,A18,$D$2:D18,"Tam gün")=1),A18,0) | H18: =IF(AND(D18="Yarım gün",COUNTIFS($A$2:A18,A18,$D$2:D18,"Yarım gün")=1),A18,0) | I18: =IF(AND(ISNUMBER(A18),Hesapla!$B$18="Uyarı yok.",A18>=Hesapla!$B$16,A18<=Hesapla!$B$17),MAX(I$1:I17)+1,"")
A19: 46388 | B19: =IF(A19="","",CHOOSE(WEEKDAY(A19,2),"Pazartesi","Salı","Çarşamba","Perşembe","Cuma","Cumartesi","Pazar")) | C19: Yılbaşı | D19: Tam gün | E19: https://vakithesaplama.diyanet.gov.tr/icerik.php?icerik=159 | G19: =IF(AND(D19="Tam gün",COUNTIFS($A$2:A19,A19,$D$2:D19,"Tam gün")=1),A19,0) | H19: =IF(AND(D19="Yarım gün",COUNTIFS($A$2:A19,A19,$D$2:D19,"Yarım gün")=1),A19,0) | I19: =IF(AND(ISNUMBER(A19),Hesapla!$B$18="Uyarı yok.",A19>=Hesapla!$B$16,A19<=Hesapla!$B$17),MAX(I$1:I18)+1,"")
A20: 46454 | B20: =IF(A20="","",CHOOSE(WEEKDAY(A20,2),"Pazartesi","Salı","Çarşamba","Perşembe","Cuma","Cumartesi","Pazar")) | C20: Ramazan Bayramı arifesi | D20: Yarım gün | E20: https://vakithesaplama.diyanet.gov.tr/icerik.php?icerik=159 | G20: =IF(AND(D20="Tam gün",COUNTIFS($A$2:A20,A20,$D$2:D20,"Tam gün")=1),A20,0) | H20: =IF(AND(D20="Yarım gün",COUNTIFS($A$2:A20,A20,$D$2:D20,"Yarım gün")=1),A20,0) | I20: =IF(AND(ISNUMBER(A20),Hesapla!$B$18="Uyarı yok.",A20>=Hesapla!$B$16,A20<=Hesapla!$B$17),MAX(I$1:I19)+1,"")
A21: 46455 | B21: =IF(A21="","",CHOOSE(WEEKDAY(A21,2),"Pazartesi","Salı","Çarşamba","Perşembe","Cuma","Cumartesi","Pazar")) | C21: Ramazan Bayramı 1. gün | D21: Tam gün | E21: https://vakithesaplama.diyanet.gov.tr/icerik.php?icerik=159 | G21: =IF(AND(D21="Tam gün",COUNTIFS($A$2:A21,A21,$D$2:D21,"Tam gün")=1),A21,0) | H21: =IF(AND(D21="Yarım gün",COUNTIFS($A$2:A21,A21,$D$2:D21,"Yarım gün")=1),A21,0) | I21: =IF(AND(ISNUMBER(A21),Hesapla!$B$18="Uyarı yok.",A21>=Hesapla!$B$16,A21<=Hesapla!$B$17),MAX(I$1:I20)+1,"")
A22: 46456 | B22: =IF(A22="","",CHOOSE(WEEKDAY(A22,2),"Pazartesi","Salı","Çarşamba","Perşembe","Cuma","Cumartesi","Pazar")) | C22: Ramazan Bayramı 2. gün | D22: Tam gün | E22: https://vakithesaplama.diyanet.gov.tr/icerik.php?icerik=159 | G22: =IF(AND(D22="Tam gün",COUNTIFS($A$2:A22,A22,$D$2:D22,"Tam gün")=1),A22,0) | H22: =IF(AND(D22="Yarım gün",COUNTIFS($A$2:A22,A22,$D$2:D22,"Yarım gün")=1),A22,0) | I22: =IF(AND(ISNUMBER(A22),Hesapla!$B$18="Uyarı yok.",A22>=Hesapla!$B$16,A22<=Hesapla!$B$17),MAX(I$1:I21)+1,"")
A23: 46457 | B23: =IF(A23="","",CHOOSE(WEEKDAY(A23,2),"Pazartesi","Salı","Çarşamba","Perşembe","Cuma","Cumartesi","Pazar")) | C23: Ramazan Bayramı 3. gün | D23: Tam gün | E23: https://vakithesaplama.diyanet.gov.tr/icerik.php?icerik=159 | G23: =IF(AND(D23="Tam gün",COUNTIFS($A$2:A23,A23,$D$2:D23,"Tam gün")=1),A23,0) | H23: =IF(AND(D23="Yarım gün",COUNTIFS($A$2:A23,A23,$D$2:D23,"Yarım gün")=1),A23,0) | I23: =IF(AND(ISNUMBER(A23),Hesapla!$B$18="Uyarı yok.",A23>=Hesapla!$B$16,A23<=Hesapla!$B$17),MAX(I$1:I22)+1,"")
A24: 46500 | B24: =IF(A24="","",CHOOSE(WEEKDAY(A24,2),"Pazartesi","Salı","Çarşamba","Perşembe","Cuma","Cumartesi","Pazar")) | C24: Ulusal Egemenlik ve Çocuk Bayramı | D24: Tam gün | E24: https://vakithesaplama.diyanet.gov.tr/icerik.php?icerik=159 | G24: =IF(AND(D24="Tam gün",COUNTIFS($A$2:A24,A24,$D$2:D24,"Tam gün")=1),A24,0) | H24: =IF(AND(D24="Yarım gün",COUNTIFS($A$2:A24,A24,$D$2:D24,"Yarım gün")=1),A24,0) | I24: =IF(AND(ISNUMBER(A24),Hesapla!$B$18="Uyarı yok.",A24>=Hesapla!$B$16,A24<=Hesapla!$B$17),MAX(I$1:I23)+1,"")
... A52: 47055 | B52: =IF(A52="","",CHOOSE(WEEKDAY(A52,2),"Pazartesi","Salı","Çarşamba","Perşembe","Cuma","Cumartesi","Pazar")) | C52: Cumhuriyet Bayramı | D52: Tam gün | E52: https://vakithesaplama.diyanet.gov.tr/icerik.php?icerik=193 | G52: =IF(AND(D52="Tam gün",COUNTIFS($A$2:A52,A52,$D$2:D52,"Tam gün")=1),A52,0) | H52: =IF(AND(D52="Yarım gün",COUNTIFS($A$2:A52,A52,$D$2:D52,"Yarım gün")=1),A52,0) | I52: =IF(AND(ISNUMBER(A52),Hesapla!$B$18="Uyarı yok.",A52>=Hesapla!$B$16,A52<=Hesapla!$B$17),MAX(I$1:I51)+1,"")
B53: =IF(A53="","",CHOOSE(WEEKDAY(A53,2),"Pazartesi","Salı","Çarşamba","Perşembe","Cuma","Cumartesi","Pazar")) | G53: =IF(AND(D53="Tam gün",COUNTIFS($A$2:A53,A53,$D$2:D53,"Tam gün")=1),A53,0) | H53: =IF(AND(D53="Yarım gün",COUNTIFS($A$2:A53,A53,$D$2:D53,"Yarım gün")=1),A53,0) | I53: =IF(AND(ISNUMBER(A53),Hesapla!$B$18="Uyarı yok.",A53>=Hesapla!$B$16,A53<=Hesapla!$B$17),MAX(I$1:I52)+1,"")
B54: =IF(A54="","",CHOOSE(WEEKDAY(A54,2),"Pazartesi","Salı","Çarşamba","Perşembe","Cuma","Cumartesi","Pazar")) | G54: =IF(AND(D54="Tam gün",COUNTIFS($A$2:A54,A54,$D$2:D54,"Tam gün")=1),A54,0) | H54: =IF(AND(D54="Yarım gün",COUNTIFS($A$2:A54,A54,$D$2:D54,"Yarım gün")=1),A54,0) | I54: =IF(AND(ISNUMBER(A54),Hesapla!$B$18="Uyarı yok.",A54>=Hesapla!$B$16,A54<=Hesapla!$B$17),MAX(I$1:I53)+1,"")
B55: =IF(A55="","",CHOOSE(WEEKDAY(A55,2),"Pazartesi","Salı","Çarşamba","Perşembe","Cuma","Cumartesi","Pazar")) | G55: =IF(AND(D55="Tam gün",COUNTIFS($A$2:A55,A55,$D$2:D55,"Tam gün")=1),A55,0) | H55: =IF(AND(D55="Yarım gün",COUNTIFS($A$2:A55,A55,$D$2:D55,"Yarım gün")=1),A55,0) | I55: =IF(AND(ISNUMBER(A55),Hesapla!$B$18="Uyarı yok.",A55>=Hesapla!$B$16,A55<=Hesapla!$B$17),MAX(I$1:I54)+1,"")
B56: =IF(A56="","",CHOOSE(WEEKDAY(A56,2),"Pazartesi","Salı","Çarşamba","Perşembe","Cuma","Cumartesi","Pazar")) | G56: =IF(AND(D56="Tam gün",COUNTIFS($A$2:A56,A56,$D$2:D56,"Tam gün")=1),A56,0) | H56: =IF(AND(D56="Yarım gün",COUNTIFS($A$2:A56,A56,$D$2:D56,"Yarım gün")=1),A56,0) | I56: =IF(AND(ISNUMBER(A56),Hesapla!$B$18="Uyarı yok.",A56>=Hesapla!$B$16,A56<=Hesapla!$B$17),MAX(I$1:I55)+1,"")
B57: =IF(A57="","",CHOOSE(WEEKDAY(A57,2),"Pazartesi","Salı","Çarşamba","Perşembe","Cuma","Cumartesi","Pazar")) | G57: =IF(AND(D57="Tam gün",COUNTIFS($A$2:A57,A57,$D$2:D57,"Tam gün")=1),A57,0) | H57: =IF(AND(D57="Yarım gün",COUNTIFS($A$2:A57,A57,$D$2:D57,"Yarım gün")=1),A57,0) | I57: =IF(AND(ISNUMBER(A57),Hesapla!$B$18="Uyarı yok.",A57>=Hesapla!$B$16,A57<=Hesapla!$B$17),MAX(I$1:I56)+1,"")
B58: =IF(A58="","",CHOOSE(WEEKDAY(A58,2),"Pazartesi","Salı","Çarşamba","Perşembe","Cuma","Cumartesi","Pazar")) | G58: =IF(AND(D58="Tam gün",COUNTIFS($A$2:A58,A58,$D$2:D58,"Tam gün")=1),A58,0) | H58: =IF(AND(D58="Yarım gün",COUNTIFS($A$2:A58,A58,$D$2:D58,"Yarım gün")=1),A58,0) | I58: =IF(AND(ISNUMBER(A58),Hesapla!$B$18="Uyarı yok.",A58>=Hesapla!$B$16,A58<=Hesapla!$B$17),MAX(I$1:I57)+1,"")
B59: =IF(A59="","",CHOOSE(WEEKDAY(A59,2),"Pazartesi","Salı","Çarşamba","Perşembe","Cuma","Cumartesi","Pazar")) | G59: =IF(AND(D59="Tam gün",COUNTIFS($A$2:A59,A59,$D$2:D59,"Tam gün")=1),A59,0) | H59: =IF(AND(D59="Yarım gün",COUNTIFS($A$2:A59,A59,$D$2:D59,"Yarım gün")=1),A59,0) | I59: =IF(AND(ISNUMBER(A59),Hesapla!$B$18="Uyarı yok.",A59>=Hesapla!$B$16,A59<=Hesapla!$B$17),MAX(I$1:I58)+1,"")
B60: =IF(A60="","",CHOOSE(WEEKDAY(A60,2),"Pazartesi","Salı","Çarşamba","Perşembe","Cuma","Cumartesi","Pazar")) | G60: =IF(AND(D60="Tam gün",COUNTIFS($A$2:A60,A60,$D$2:D60,"Tam gün")=1),A60,0) | H60: =IF(AND(D60="Yarım gün",COUNTIFS($A$2:A60,A60,$D$2:D60,"Yarım gün")=1),A60,0) | I60: =IF(AND(ISNUMBER(A60),Hesapla!$B$18="Uyarı yok.",A60>=Hesapla!$B$16,A60<=Hesapla!$B$17),MAX(I$1:I59)+1,"")
B61: =IF(A61="","",CHOOSE(WEEKDAY(A61,2),"Pazartesi","Salı","Çarşamba","Perşembe","Cuma","Cumartesi","Pazar")) | G61: =IF(AND(D61="Tam gün",COUNTIFS($A$2:A61,A61,$D$2:D61,"Tam gün")=1),A61,0) | H61: =IF(AND(D61="Yarım gün",COUNTIFS($A$2:A61,A61,$D$2:D61,"Yarım gün")=1),A61,0) | I61: =IF(AND(ISNUMBER(A61),Hesapla!$B$18="Uyarı yok.",A61>=Hesapla!$B$16,A61<=Hesapla!$B$17),MAX(I$1:I60)+1,"")
B62: =IF(A62="","",CHOOSE(WEEKDAY(A62,2),"Pazartesi","Salı","Çarşamba","Perşembe","Cuma","Cumartesi","Pazar")) | G62: =IF(AND(D62="Tam gün",COUNTIFS($A$2:A62,A62,$D$2:D62,"Tam gün")=1),A62,0) | H62: =IF(AND(D62="Yarım gün",COUNTIFS($A$2:A62,A62,$D$2:D62,"Yarım gün")=1),A62,0) | I62: =IF(AND(ISNUMBER(A62),Hesapla!$B$18="Uyarı yok.",A62>=Hesapla!$B$16,A62<=Hesapla!$B$17),MAX(I$1:I61)+1,"")
B63: =IF(A63="","",CHOOSE(WEEKDAY(A63,2),"Pazartesi","Salı","Çarşamba","Perşembe","Cuma","Cumartesi","Pazar")) | G63: =IF(AND(D63="Tam gün",COUNTIFS($A$2:A63,A63,$D$2:D63,"Tam gün")=1),A63,0) | H63: =IF(AND(D63="Yarım gün",COUNTIFS($A$2:A63,A63,$D$2:D63,"Yarım gün")=1),A63,0) | I63: =IF(AND(ISNUMBER(A63),Hesapla!$B$18="Uyarı yok.",A63>=Hesapla!$B$16,A63<=Hesapla!$B$17),MAX(I$1:I62)+1,"")
B64: =IF(A64="","",CHOOSE(WEEKDAY(A64,2),"Pazartesi","Salı","Çarşamba","Perşembe","Cuma","Cumartesi","Pazar")) | G64: =IF(AND(D64="Tam gün",COUNTIFS($A$2:A64,A64,$D$2:D64,"Tam gün")=1),A64,0) | H64: =IF(AND(D64="Yarım gün",COUNTIFS($A$2:A64,A64,$D$2:D64,"Yarım gün")=1),A64,0) | I64: =IF(AND(ISNUMBER(A64),Hesapla!$B$18="Uyarı yok.",A64>=Hesapla!$B$16,A64<=Hesapla!$B$17),MAX(I$1:I63)+1,"")
... B300: =IF(A300="","",CHOOSE(WEEKDAY(A300,2),"Pazartesi","Salı","Çarşamba","Perşembe","Cuma","Cumartesi","Pazar")) | G300: =IF(AND(D300="Tam gün",COUNTIFS($A$2:A300,A300,$D$2:D300,"Tam gün")=1),A300,0) | H300: =IF(AND(D300="Yarım gün",COUNTIFS($A$2:A300,A300,$D$2:D300,"Yarım gün")=1),A300,0) | I300: =IF(AND(ISNUMBER(A300),Hesapla!$B$18="Uyarı yok.",A300>=Hesapla!$B$16,A300<=Hesapla!$B$17),MAX(I$1:I299)+1,"")

Sheet Hakkında
A1: İş günü hesaplayıcı (Türkiye)
A3: Ne yapar
A4: Bu dosya bir tarihe iş günü ekler veya çıkarır, iki tarih arasındaki iş günlerini sayar. Hesapta Türkiye'deki resmî tatiller dikkate alınır.
A6: Nasıl kullanılır
A7: 1. İndirdiğiniz dosya Korumalı Görünüm'de açılırsa Düzenlemeyi Etkinleştir düğmesine tıklayın.
A8: 2. Hesapla sayfasında hafta sonu seçeneğini kontrol edin. Cumartesi çalışılıyorsa Yalnız Pazar tatil seçin.
A9: 3. Birinci blokta başlangıç tarihini ve eklenecek iş günü sayısını yazın.
A10: 4. İkinci blokta iki tarih yazın. İki tarih de sayıma dahildir.
A11: 5. Uyarı satırında bir mesaj varsa sonuç gösterilmez. Mesajı okuyup girdiyi düzeltin.
A13: Sınırlar
A14: Tatil listesi 1 Ocak 2026 ile 31 Aralık 2028 arasını kapsar. Bu aralığın dışında sonuç gösterilmez.
A15: Tam gün tatiller iş günü sayılmaz. Bayram arifeleri ve 28 Ekim öğleden sonrası yarım gün tatildir. Sabah çalışıldığı için bu günler iş günü sayılır ve ayrıca gösterilir.
... A29: LogisticsIQ hazırladı: https://logisticsiq.org
